,Unnamed: 0,cycle,max_distemp,max_chtemp,capacity,dis_time,chr_time,Discharge_voltage,Discharge_current,Discharge_min_Threshold_voltage_time,Charging_max_Threshold_voltage_time,Discharge_min_Threshold_voltage_temp,Charging_max_Threshold_voltage_temp,SOH,RUL
0,0,1,15.71039018923076,8.785650190090244,1.0819793880779518,6436.141,10803.313,2.0,1,4348.625,159.344,15.63671373949131,4.782259925756143,1.0,72
1,1,2,16.327881769438125,8.853129773685774,0.927952404748273,5650.265,10802.077999999994,2.0,1,3851.453,147.21800000000002,16.323712482062593,4.567414038631015,0.8576433294137931,71
2,2,3,16.190453016227536,8.776291982334724,0.885193608411576,5590.907,10807.688,2.0,1,3698.235,128.907,16.177596832394944,4.3850735645912415,0.8181242805226173,70
3,3,4,16.44564599364816,8.775346646457248,0.8581010699478283,5543.61,10805.687,2.0,1,3589.813,123.312,16.44564599364816,4.513284684849527,0.7930844888571998,69
4,4,5,16.652821920677077,8.71806347044578,0.8409352213456689,5499.046,10804.078,2.0,1,3502.375,123.719,16.547099692760256,3.995359603574443,0.7772192618562926,68
5,5,6,16.626045153527933,8.483162547096285,0.8245471942901911,5461.219,10804.969,2.0,1,3432.282,117.953,16.52965872684758,4.591655141930058,0.7620729224379514,67
6,6,7,16.231693733501764,8.580955095681853,0.7935960418803983,5451.281,10808.375,2.0,1,3349.218,121.25,16.153484450613462,4.654018028384528,0.7334668761945244,66
7,7,8,16.185673883928935,8.560759277571414,0.8183676087159205,5468.062,10804.25,2.0,1,3412.421,119.469,15.902403624023083,4.8743059017419945,0.756361551553846,65
8,8,9,16.52621032903044,8.840378927250836,0.7977644276409412,5411.297,10802.406000000004,2.0,1,3353.047,107.078,16.479143855787804,4.816656158593235,0.7373194318036915,64
9,9,10,15.196414604557985,8.538550899579711,0.7993777411831636,5369.703,10803.203,2.0,1,3292.781,114.297,14.697778268121285,4.847410387494197,0.7388105078445099,63
10,10,11,16.354435553014117,8.779279490535002,0.7783107440628891,5327.406,10806.079,2.0,1,3245.047,101.141,16.307887817491796,4.801852732767293,0.7193397144519498,62
11,11,12,15.57016420519042,8.55644041954141,0.7803738231239117,5299.266,10803.641,2.0,1,3226.578,88.328,15.277339527262887,4.628315629590587,0.72124647818863,61
12,12,13,16.481904111846188,8.64082549967087,0.7713058245640294,5367.172,10805.125,2.0,1,3290.453,115.25,16.39090304050335,4.661423181220547,0.7128655435240696,60
13,13,14,16.686364651804713,8.69401193830235,0.795279016979026,5406.812,10806.202999999994,2.0,1,3363.968,116.343,16.632837212482556,4.820073913510791,0.7350223356766291,59
14,14,15,16.527315358470222,8.612963575905082,0.7824128169919247,5353.094,10807.016,2.0,1,3292.157,110.094,16.50086586783961,4.67912937471622,0.7231309816186214,58
15,15,16,16.325076195754107,8.740714589018927,0.7649414992231182,5280.031,10803.453,2.0,1,3216.453,103.859,16.22774274913878,4.751529136536473,0.7069834302314894,57
16,16,17,16.18780234880546,8.751479498184123,0.7544899426779375,5248.593,10807.812,2.0,1,3165.765,97.359,16.088953913980898,4.637533040702782,0.6973237669695607,56
17,17,18,16.54868871782283,8.582698076717909,0.7504048978314295,5203.375,10805.016,2.0,1,3139.36,84.14099999999999,16.463905610874253,4.463136872709561,0.6935482377020717,55
18,18,19,15.893386512216576,8.35284671467992,0.7407258109620256,5166.812,10805.781000000004,2.0,1,3093.546,98.359,15.515467314463365,4.618188052989096,0.6846025156522294,54
19,20,21,16.273556126855052,8.58965823822967,0.7308525593793626,5340.281,10808.813,2.0,1,3113.172,167.25,16.1643031308385,4.370573153611026,0.6754773403564208,52
20,21,22,16.57769275391533,8.497893580828467,0.7287255851177903,5103.0,10804.828,2.0,1,3065.516,85.297,16.57769275391533,4.3355148661833445,0.673511522629199,51
21,22,23,16.451931737613187,8.510781373767653,0.7161023377036263,5051.172,10808.359,2.0,1,3035.219,92.406,16.352535962767416,4.638633090652312,0.661844713119465,50
22,23,24,16.660404158556567,8.285619089501685,0.7129204834988017,5027.563,10808.75,2.0,1,3010.375,71.937,16.536226060153506,4.646249527812225,0.6589039415669894,49
23,24,25,16.192781213892964,8.58138442449717,0.7141991829499618,4993.765,10808.5,2.0,1,3001.906,86.453,16.10796866186043,4.709181637894773,0.6600857565490951,48
24,25,26,14.742856005940368,8.20802499872285,0.7190570819844222,4962.469,10808.781,2.0,1,2964.735,79.51599999999999,14.566007844225378,4.552598502193509,0.6645755824071367,47
25,26,27,14.693521549329,8.200683442025088,0.7173975428775917,4907.859,10804.703,2.0,1,2946.265,87.062,14.511842252673596,4.470572526234838,0.6630417832191702,46
26,27,28,15.86983818237976,8.359175221386465,0.7071027496463946,4888.656,10804.766,2.0,1,2952.047,87.453,15.777183049994438,4.4957349607372015,0.6535270056322469,45
27,28,29,14.829662137922766,8.345282935655332,0.703531206505542,4866.25,10802.641000000003,2.0,1,2911.891,80.625,14.777798979574468,4.4253827827213215,0.6502260710856127,44
28,29,30,15.906462051621896,8.481004212105633,0.6941108278958862,4836.125,10802.015,2.0,1,2935.047,80.969,15.819438624072433,4.4758575804276415,0.6415194554943578,43
29,30,31,16.353770501511462,8.590327675703762,0.6914114388869608,4801.485,10808.25,2.0,1,2926.61,74.14,16.22370725142484,4.659144019099998,0.6390245937265006,42
30,31,32,15.076528277493722,8.209678446181726,0.6971551798505504,4760.938,10803.187,2.0,1,2906.953,74.578,14.576795423814657,4.680272029027792,0.6443331430638339,41
31,32,33,16.045850353764667,8.182864037543233,0.6832460217432723,4740.907,10804.329,2.0,1,2899.657,81.906,15.916306151700224,4.644933154783529,0.631477853711246,40
32,33,34,16.24823467681854,8.519154630742015,0.6822029317493292,4914.532,10802.156,2.0,1,2939.5,75.063,16.107619344888867,4.605592535062429,0.6305137965347076,39
33,34,35,15.761879553141288,8.58506578211541,0.7289529213213379,4998.656,10804.672000000006,2.0,1,3050.25,89.703,15.70855867687481,4.725136476313643,0.6737216340287807,38
34,35,36,16.349393593197068,8.577478209676919,0.7139321758287004,4890.015,10806.687,2.0,1,3039.328,82.813,16.0714702986389,4.499781468685003,0.6598389800169324,37
35,36,37,16.22246271510604,8.57550299811397,0.6957731747455482,4842.11,10804.187,2.0,1,2960.547,85.375,16.193818197289335,4.324089120384116,0.6430558496881651,36
36,37,38,14.780023826016944,8.266803356006735,0.7018312962317095,4798.281,10804.703,2.0,1,2913.5,76.093,14.736867942124205,4.592973115846013,0.6486549595722481,35
37,38,39,16.357147782799643,8.439547704901333,0.6911808244378487,4739.188,10805.594,2.0,1,2932.578,84.078,16.08941378520123,4.614473619609862,0.6388114524673849,34
38,39,40,15.304013119865168,8.314572405527649,0.6843279752855028,4733.156,10803.797000000006,2.0,1,2852.109,69.344,15.192086928163208,4.70734668793985,0.632477829823686,33
39,40,41,16.298057069520368,8.483875231596956,0.6741394908812485,4670.61,10806.938,2.0,1,2887.516,84.359,16.19736456330838,4.5867414533973365,0.6230613062590797,32
40,41,42,15.088230300481198,8.174570086606838,0.6670070174301739,4635.0,10805.984,2.0,1,2776.828,69.953,14.966612143677532,4.468320040480228,0.6164692458837479,31
41,42,43,15.201775291002932,8.259463557167189,0.6804085117374855,4615.86,10804.937,2.0,1,2826.094,77.765,15.118792459339357,4.526190415189066,0.6288553360948731,30
42,43,44,15.820509282900383,8.086015304249244,0.6617864063235485,4580.75,10804.922,2.0,1,2817.0,78.203,15.801169321002597,4.537293979385821,0.6116441899130427,29
43,44,45,15.58071439830652,8.485744245814582,0.6623168733492338,4557.406,10808.079,2.0,1,2820.328,62.968,15.145957503792118,4.43666392498176,0.6121344645259701,28
44,45,46,14.525034072927795,8.482870154994146,0.6679358357181778,4524.032000000007,10808.421,2.0,1,2797.6410000000037,74.485,14.356533241344575,4.617753162902661,0.6173276894901958,27
45,46,47,16.256345838594637,8.350384440537637,0.6488990885270688,4502.938,10809.953,2.0,1,2803.11,71.218,16.192049522419026,4.51092232231016,0.5997333180993264,26
46,47,48,15.916519503570711,8.182219794553623,0.6503639129625527,4483.094,10803.234,2.0,1,2780.219,71.391,15.775093349370106,4.562688216206285,0.6010871557524503,25
47,48,49,15.322696472607957,8.16257020611204,0.6572077690202801,4448.36,10806.329,2.0,1,2757.766,71.672,15.213238469562553,4.480890812185025,0.607412466690106,24
48,49,50,16.435471374813734,8.477289042975487,0.6363517458476216,4440.531,10804.89,2.0,1,2760.844,59.282,16.373760366811158,4.3388491692214375,0.5881366621762071,23
49,50,51,14.7528730574534,8.473789563516673,0.6536449360948587,4416.547,10807.342999999992,2.0,1,2764.609,64.35900000000001,14.642737660541467,4.618948823196208,0.6041195824035112,22
50,51,52,16.57328291132994,8.366475451255667,0.6391428272150887,4382.937,10809.625,2.0,1,2771.812,64.578,16.520961561597172,4.4896064513234295,0.5907162689582044,21
51,52,53,14.528444176948046,8.517183141862848,0.6482206049496236,4347.453,10804.875,2.0,1,2718.14,64.812,14.4143272577995,4.395335472222758,0.599106241849149,20
52,53,54,15.828293567742277,8.025336138029575,0.6287957471922729,3581.188,10804.531,2.0,1,2722.375,64.938,15.75077190867956,4.375228120059548,0.5811531662440237,19
53,54,55,15.05093934814998,8.494107393460704,0.6380571850193401,4746.5,10810.016,2.0,1,2770.672,65.156,14.9068816021861,4.569895752284366,0.5897128836740565,18
54,55,56,16.878888140585346,8.598147632850294,0.6554825047832906,4679.156,10803.282000000008,2.0,1,2906.89,65.391,16.825033218416447,4.501814238078325,0.6058179222320509,17
55,56,57,16.752865016509336,8.516325844556734,0.6484934835397033,4596.578,10808.906,2.0,1,2868.344,73.31299999999999,16.65121854837693,4.451352576052808,0.5993584449808227,16
56,57,58,16.630725230629476,8.563163159903915,0.6454071687844921,4544.641,10809.375,2.0,1,2813.797,65.766,16.57550389171525,4.675989712507908,0.5965059740472555,15
57,58,59,15.270710849004711,8.43747263883106,0.6427008031845645,4526.938,10803.938,2.0,1,2776.453,66.219,14.800094738084695,4.8650856529902455,0.594004664290574,14
58,59,60,16.438070093673065,8.308212531411332,0.6352454880802477,4487.438,10802.313,2.0,1,2779.594,74.20400000000001,16.182098795385983,5.039622437331332,0.5871142233205658,13
59,60,61,15.659914658719188,8.379759166121937,0.6156760019587869,4513.312,10807.516,2.0,1,2682.015,66.375,15.582026827034904,5.141541669932217,0.5690274775497204,12
60,61,62,15.265721279585906,8.475185480584631,0.6170833682807023,4568.438,10804.64,2.0,1,2688.078,58.656,15.200383828591695,5.062664742191298,0.5703282105742334,11
61,62,63,15.459947276103474,8.387529447701025,0.6434227390858672,4499.656,10807.093999999996,2.0,1,2752.594,66.656,15.319118063259888,5.0934005321192295,0.5946719005699871,10
62,63,64,16.472719613709117,8.156280607841422,0.6278124433742752,4430.984,10803.235,2.0,1,2756.547,67.375,16.472719613709117,5.139709006718282,0.5802443653658993,9
63,64,65,15.321947787344948,8.247529005510705,0.6290078315253372,4411.141,10805.453,2.0,1,2702.891,67.688,15.246426072695252,5.032527287720402,0.5813491813764755,8
64,66,67,15.469187485474004,8.342761788340296,0.6266355568292261,4883.312,10806.641,2.0,1,2787.437,67.843,15.393470123100242,5.078656379238508,0.5791566491320995,6
65,67,68,15.90915813248566,8.484541275408898,0.6495813516716594,4663.907,10807.969,2.0,1,2824.422,35.438,15.806730053128945,4.9883306357100246,0.6003638875464973,5
66,68,69,16.128312311530546,8.481879353582725,0.6337485177966306,4581.328,10809.593999999996,2.0,1,2783.25,60.031,16.1099371262168,5.034567130459417,0.5857306754451517,4
67,69,70,15.803292200329722,8.398682146515796,0.6298550929085645,4553.031,10804.109,2.0,1,2724.75,68.422,15.699236463955655,5.0211913615644885,0.5821322474797331,3
68,70,71,15.46350630780127,8.1583338350851,0.6183063778386736,4486.5,10810.344,2.0,1,2714.906,68.844,15.060295446565148,5.026341794116135,0.571458555173629,2
69,71,72,16.26952559815265,8.293256219594038,0.6069476168507777,4450.625,10808.891,2.0,1,2690.625,60.453,16.19847343091464,4.982891998608551,0.5609604245132347,1
0,0,1,13.880080551261509,9.32513759558831,1.7282392323598248,6436.141,10803.313,2.2,1,6436.141,1427.625,13.105428453533492,4.862408892933145,1.0,72
1,1,2,12.941526372487642,12.346119770451756,1.5161488467923143,5650.265,10802.077999999994,2.2,1,5650.265,1351.484,12.938220819248125,4.6264190342525415,0.8772794983493625,71
2,2,3,13.359691095670462,11.59806658239694,1.503121190703977,5590.907,10807.688,2.2,1,5590.907,1304.875,12.400467035426775,4.739180125104326,0.869741389131376,70
3,3,4,12.683911154117247,12.092568670781334,1.48586566102824,5543.61,10805.687,2.2,1,5543.61,1220.953,12.683911154117247,4.633242403881651,0.8597569324932892,69
4,4,5,13.065399804685724,12.490739095130255,1.4694562316392716,5499.046,10804.078,2.2,1,5499.046,1202.719,13.065399804685724,4.27488842644703,0.8502620494460146,68
5,5,6,12.802479603911388,9.465933254374386,1.458955459264481,5461.219,10804.969,2.2,1,5461.219,1137.188,12.802479603911388,4.540019711469419,0.8441860547699461,67
6,6,7,13.585554405586658,9.459976311030434,1.4556853555098297,5451.281,10808.375,2.2,1,5451.281,1177.89,12.731505877941103,4.795883602718526,0.8422938955749566,66
7,7,8,13.94301293338268,13.40326392967572,1.456232262380321,5468.062,10804.25,2.2,1,5468.062,1178.937,13.94301293338268,5.029224038238504,0.8426103487952349,65
8,8,9,13.134169173843691,12.57281963998543,1.4440592236675138,5411.297,10802.406000000004,2.2,1,5411.297,1087.078,13.134169173843691,4.894221192302767,0.8355667413565903,64
9,9,10,14.086951683642924,13.556085797321904,1.428294264765868,5369.703,10803.203,2.2,1,5369.703,1121.125,14.086951683642924,4.877256128513894,0.8264447641404387,63
10,10,11,13.314723048488911,12.745904862879248,1.4199848948034668,5327.406,10806.079,2.2,1,5327.406,1051.907,13.314723048488911,4.787077469313465,0.821636766609301,62
11,11,12,14.173291675329546,9.08341753898316,1.4043226018516568,5299.266,10803.641,2.2,1,5299.266,916.844,14.173291675329546,4.721959247937742,0.812574194334267,61
12,12,13,13.959348125513564,9.361701357449403,1.4234351301615986,5367.172,10805.125,2.2,1,5367.172,1063.968,13.959348125513564,4.723699406034685,0.8236331542005146,60
13,13,14,13.523198161538613,12.962013891216712,1.4339948857967295,5406.812,10806.202999999994,2.2,1,5406.812,1065.968,13.523198161538613,4.940121897922653,0.8297432779828061,59
14,14,15,13.750234723504356,13.216505813006908,1.4185177047756572,5353.094,10807.016,2.2,1,5353.094,1022.328,13.750234723504356,4.846729179186759,0.820787815838865,58
15,15,16,13.400973711086476,12.84746399497611,1.4056313337829422,5280.031,10803.453,2.2,1,5280.031,1003.484,13.400973711086476,4.8568286132085,0.8133314575110198,57
16,16,17,13.648707282364962,13.087946324694633,1.3890214025155618,5248.593,10807.812,2.2,1,5248.593,953.375,13.648707282364962,4.659597145798736,0.8037205593457811,56
17,17,18,13.959820884900516,9.109898329219815,1.3723339082737365,5203.375,10805.016,2.2,1,5203.375,847.703,13.959820884900516,4.71370800612672,0.7940647814133248,55
18,18,19,14.349640095291218,13.809800479071026,1.3615778905990563,5166.812,10805.781000000004,2.2,1,5166.812,912.609,14.349640095291218,4.708465892200651,0.7878410957838803,54
19,20,21,13.720010432160604,13.222932293469412,1.4100282016237429,5340.281,10808.813,2.2,1,5340.281,308.188,13.720010432160604,4.3958949491916535,0.8158755889937873,52
20,21,22,14.214578668306734,13.66317791203664,1.3395671374926488,5103.0,10804.828,2.2,1,5103.0,891.844,14.214578668306734,4.407081506590932,0.7751051546628394,51
21,22,23,13.7206185074268,9.191051374384664,1.3291515487117478,5051.172,10808.359,2.2,1,5051.172,854.5,13.7206185074268,4.775087512303822,0.7690784492242184,50
22,23,24,14.307049577086085,13.65870050381003,1.3181687033905718,5027.563,10808.75,2.2,1,5027.563,697.718,14.307049577086085,4.854293315526231,0.7627235157662043,49
23,24,25,13.73206507015365,13.167646858022986,1.312423708466101,4993.765,10808.5,2.2,1,4993.765,787.015,13.73206507015365,4.706981496896351,0.7593993261419322,48
24,25,26,14.550153842364988,14.044734566367383,1.2993237532162487,4962.469,10808.781,2.2,1,4962.469,855.875,14.550153842364988,4.941246686859043,0.751819382923096,47
25,26,27,14.437029519118854,13.917603978270249,1.2877483042174591,4907.859,10804.703,2.2,1,4907.859,805.125,14.437029519118854,4.400762955624632,0.7451215549939245,46
26,27,28,14.364000921258654,9.1561080808182,1.2865282739749122,4888.656,10804.766,2.2,1,4888.656,769.422,13.429042601914052,4.524468756834161,0.744415616707313,45
27,28,29,14.693349843683665,14.124511703888349,1.2719636386987183,4866.25,10802.641000000003,2.2,1,4866.25,497.594,14.693349843683665,4.53567425974588,0.7359881750641172,44
28,29,30,14.058016587648105,12.592602688923204,1.2714495345417192,4836.125,10802.015,2.2,1,4836.125,762.047,13.07041456647732,4.8238617516479865,0.7356907022678904,43
29,30,31,13.779152574880364,13.271242109383456,1.2615423884659074,4801.485,10808.25,2.2,1,4801.485,765.187,13.779152574880364,4.699923127457966,0.7299581937758316,42
30,31,32,14.383739114376208,13.879267261448383,1.2421201619204132,4760.938,10803.187,2.2,1,4760.938,759.484,14.383739114376208,4.834989126051108,0.7187200352027421,41
31,32,33,14.589504036127655,8.961573455880472,1.2402537441669796,4740.907,10804.329,2.2,1,4740.907,718.172,14.121932981601754,4.738780913692564,0.7176400818499385,40
32,33,34,13.891154624298236,9.235381386461205,1.2851130012242886,4914.532,10802.156,2.2,1,4914.532,432.969,13.83901332800595,4.759238452312778,0.7435967064985156,39
33,34,35,14.673096336965486,12.768858904952618,1.3043327841699193,4998.656,10804.672000000006,2.2,1,4998.656,754.25,13.977090834776185,4.831356115966431,0.7547177264277919,38
34,35,36,13.896967367053858,13.37099000431978,1.2778639041619957,4890.015,10806.687,2.2,1,4890.015,873.828,13.896967367053858,5.010900446118207,0.7394022078859627,37
35,36,37,13.908543615362126,13.139485790529518,1.272346459165154,4842.11,10804.187,2.2,1,4842.11,812.203,13.64090032414402,4.482413772801953,0.7362096840191668,36
36,37,38,14.617560660341365,14.207971178409403,1.2477883952768762,4798.281,10804.703,2.2,1,4798.281,781.89,14.617560660341365,4.552230522608487,0.7219998087724714,35
37,38,39,14.288124170416689,8.935870973704901,1.2352499196655526,4739.188,10805.594,2.2,1,4739.188,698.313,14.288124170416689,4.707581561629352,0.7147447509213642,34
38,39,40,14.875868929885128,14.402615524029676,1.229251291851949,4733.156,10803.797000000006,2.2,1,4733.156,481.844,14.875868929885128,4.789709310653992,0.7112738033226265,33
39,40,41,13.880179808466218,12.908314636128306,1.223890910501634,4670.61,10806.938,2.2,1,4670.61,695.859,13.30736730325027,4.660484183309265,0.7081721601878415,32
40,41,42,14.631961684725407,14.096794455486355,1.205423323571373,4635.0,10805.984,2.2,1,4635.0,681.172,14.631961684725407,4.707908098180845,0.6974863786221467,31
41,42,43,14.768164211079869,14.27836592296483,1.1957824090008151,4615.86,10804.937,2.2,1,4615.86,638.875,14.768164211079869,4.560785272520637,0.6919079179611226,30
42,43,44,15.037938036453404,8.827049914593319,1.190072949669846,4580.75,10804.922,2.2,1,4580.75,642.75,15.037938036453404,4.757790710484005,0.6886042900697611,29
43,44,45,14.290141125898849,13.744651377939665,1.179201763233652,4557.406,10808.079,2.2,1,4557.406,381.828,14.290141125898849,4.709571814582134,0.682313965077341,28
44,45,46,13.996450231420782,13.521354405833216,1.169504032514554,4524.032000000007,10808.421,2.2,1,4524.032000000007,635.688,13.996450231420782,4.5953203939557925,0.6767026292521171,27
45,46,47,14.935082428364884,13.118371272464127,1.16772376849918,4502.938,10809.953,2.2,1,4502.938,652.359,14.56807575000286,4.514401685113143,0.6756725264850695,26
46,47,48,14.99164974108056,14.502549026623464,1.1579256145829042,4483.094,10803.234,2.2,1,4483.094,592.922,14.99164974108056,4.681428566670647,0.6700030834283367,25
47,48,49,14.811846373564524,8.533783890055396,1.1499812813376982,4448.36,10806.329,2.2,1,4448.36,550.281,14.811846373564524,4.631175502740125,0.6654063047553063,24
48,49,50,14.247555903096725,13.067735171405046,1.150285902223034,4440.531,10804.89,2.2,1,4440.531,306.172,13.294005964773271,4.520339635339075,0.665582565587506,23
49,50,51,14.332240013732582,13.847530682607912,1.1349452274085248,4416.547,10807.342999999992,2.2,1,4416.547,544.875,14.332240013732582,4.732767500531252,0.6567060891557319,22
50,51,52,14.276871638701772,12.922766299354484,1.1380960963513609,4382.937,10809.625,2.2,1,4382.937,562.2339999999967,13.431280785656808,4.5142221752252665,0.6585292562750975,21
51,52,53,13.777310967702926,13.42198851253176,1.123711172150547,4347.453,10804.875,2.2,1,4347.453,524.625,13.777310967702926,4.66148785674023,0.6502057997006441,20
52,54,55,14.96165525093106,8.86703786132924,1.214119211354098,4746.5,10810.016,2.2,1,4746.5,518.625,14.96165525093106,4.427746715379604,0.7025180244845376,18
53,55,56,14.622124863653871,12.873064470501332,1.211944797522819,4679.156,10803.282000000008,2.2,1,4679.156,169.64,13.842244872819585,4.558615899497711,0.7012598573335063,17
54,56,57,14.181162993443126,12.914378640441887,1.1971248679331925,4596.578,10808.906,2.2,1,4596.578,564.672,13.152204252689176,4.465210290564171,0.6926846963765414,16
55,57,58,13.989284902759552,13.560435846040848,1.1822892151870987,4544.641,10809.375,2.2,1,4544.641,659.875,13.989284902759552,4.626007196785033,0.6841004376302356,15
56,58,59,15.042601535042603,14.50936386335481,1.1645336676778395,4526.938,10803.938,2.2,1,4526.938,612.625,15.042601535042603,4.773791774695575,0.6738266588750719,14
57,59,60,15.027421071078606,9.058792390700829,1.1535559567518647,4487.438,10802.313,2.2,1,4487.438,638.656,15.027421071078606,5.169240219958803,0.6674746962992741,13
58,60,61,14.577396723095212,8.906166673111327,1.1601987101282063,4513.312,10807.516,2.2,1,4513.312,599.782,14.3196550063936,5.1343137902161065,0.6713183501476314,12
59,61,62,15.36587842843583,13.69629801769288,1.1711716308206082,4568.438,10804.64,2.2,1,4568.438,327.547,15.113043487877276,5.388204899123851,0.6776675409812515,11
60,62,63,15.29268403662172,13.627671981515771,1.1563410270783216,4499.656,10807.093999999996,2.2,1,4499.656,378.656,15.24793876319272,5.208113446773054,0.6690862037076866,10
61,63,64,14.698902260428524,14.175755722127471,1.141082456193516,4430.984,10803.235,2.2,1,4430.984,614.218,14.698902260428524,5.293850024230726,0.660257234546993,9
62,64,65,15.066788669768552,14.561398475035936,1.1352383596118123,4411.141,10805.453,2.2,1,4411.141,576.188,15.066788669768552,5.2590442072092936,0.6568757023654074,8
63,66,67,14.884443210062466,9.03319178162539,1.2530847858282803,4883.312,10806.641,2.2,1,4883.312,536.844,14.359372503117893,5.169473416409175,0.7250644253210565,6
64,67,68,14.454392118638458,13.574846790146095,1.2050453590356518,4663.907,10807.969,2.2,1,4663.907,548.765,13.853422126038096,5.203391213702639,0.6972676794231909,5
65,68,69,14.172939173239188,13.64978387280792,1.19119860196273,4581.328,10809.593999999996,2.2,1,4581.328,95.172,14.172939173239188,5.110312534175213,0.6892556190477215,4
66,69,70,14.797843662102167,13.486366811933427,1.17463817374538,4553.031,10804.109,2.2,1,4553.031,478.156,14.314750757374377,5.201256549424905,0.6796733645153222,3
67,70,71,14.86814851282613,14.316772010775503,1.1555432048235512,4486.5,10810.344,2.2,1,4486.5,677.735,14.86814851282613,5.131966540794318,0.6686245649253746,2
68,71,72,14.051631055988958,8.961521656486461,1.1538041170229467,4450.625,10808.891,2.2,1,4450.625,639.282,14.051631055988958,5.174810028842563,0.6676182876878015,1
0,0,1,12.376815880696888,8.793624097800858,1.6743047446975208,6436.141,10803.313,2.5,1,6179.11,1659.109,12.348017896228107,4.358202275987088,1.0,72
1,1,2,11.314903320182369,10.1455937779198,1.5243662105099025,5650.265,10802.077999999994,2.5,1,5609.5,1862.14,10.866421410353654,4.161258444205254,0.9104472858585212,71
2,2,3,11.624528187721143,9.371285850326036,1.5080762969973425,5590.907,10807.688,2.5,1,5550.11,1578.969,10.557207802898692,3.948084866830133,0.9007179259172385,70
3,3,4,11.0929238810592,9.599392228576075,1.4835577960067696,5543.61,10805.687,2.5,1,5475.61,1375.015,10.542689777952056,4.02152139767389,0.8860739364832826,69
4,4,5,11.020979145558456,9.977435052651424,1.4671391666146525,5499.046,10804.078,2.5,1,5417.062,1283.563,10.927242150877309,3.6145400626700046,0.8762676993307483,68
5,5,6,11.05909419348262,8.878068239463989,1.448858156982267,5461.219,10804.969,2.5,1,5351.61,1366.063,10.527254504222322,4.009093170087366,0.8653491316743638,67
6,6,7,11.877028657628198,8.54999351511764,1.4458534180949325,5451.281,10808.375,2.5,1,5341.468,1684.687,10.920346897268653,4.24012344593987,0.8635545128053375,66
7,7,8,11.559250858608888,9.9149863999085,1.431118266178283,5468.062,10804.25,2.5,1,5302.75,1458.781,11.48786927416796,4.264232009410829,0.8547537541839961,65
8,8,9,11.34743713793976,8.87729954678877,1.419274551657853,5411.297,10802.406000000004,2.5,1,5232.047,1367.953,10.399789548975312,4.270129346416238,0.8476799436617848,64
9,9,10,11.693269060729056,9.792328297818012,1.3999974221808271,5369.703,10803.203,2.5,1,5176.484,1293.297,11.593401103458843,4.270334796625638,0.8361664306420813,63
10,10,11,11.557441727679937,8.793395853031353,1.3885156686114437,5327.406,10806.079,2.5,1,5119.797,1010.25,10.48792355857532,4.2198817067608,0.8293088059439815,62
11,11,12,11.667407771157473,8.489081034047558,1.3652234669528964,5299.266,10803.641,2.5,1,5077.36,1278.141,11.59922635919398,4.036723977902577,0.8153972395267488,61
12,12,13,11.311016339650983,8.875067965433193,1.4060442272970963,5367.172,10805.125,2.5,1,5214.11,966.078,11.176937407944187,4.214653464091245,0.8397779626140351,60
13,13,14,11.175603921563273,9.0113162300133,1.405754161352578,5406.812,10806.202999999994,2.5,1,5197.765,918.359,10.907808546328251,4.308927722820515,0.8396047170054106,59
14,14,15,11.15023736338702,9.117837502841068,1.3867662881727878,5353.094,10807.016,2.5,1,5129.454,881.672,11.04092257193406,4.1749775663201065,0.8282639660220997,58
15,15,16,11.81131136026599,9.008870688771184,1.3705053061420225,5280.031,10803.453,2.5,1,5070.062,911.609,10.458734942987633,4.278450437353351,0.8185518857796805,57
16,16,17,11.699803023226297,8.775487596967912,1.34974311148236,5248.593,10807.812,2.5,1,4996.265,967.875,10.683216865634074,4.111647670733155,0.8061513985174809,56
17,17,18,11.234017863419322,8.527927995096366,1.3251533367939785,5203.375,10805.016,2.5,1,4936.141,747.656,11.166608164039188,3.948708524607122,0.7914648399526455,55
18,18,19,11.729632241368254,9.25658691248093,1.3111943869635805,5166.812,10805.781000000004,2.5,1,4884.031,970.078,11.616294096806245,4.0929721509161245,0.7831276779905801,54
19,20,21,12.186162994585318,8.682117686665979,1.3394234405932892,5340.281,10808.813,2.5,1,4972.625,373.329,11.147977908641684,3.8343728260193375,0.7999878426165894,52
20,21,22,11.147409475641334,8.807432989820063,1.2849157142560723,5103.0,10804.828,2.5,1,4791.219,899.266,11.090239590661572,3.8717700782404463,0.7674324034052742,51
21,22,23,11.681014963080823,8.672791913113644,1.281719159327807,5051.172,10808.359,2.5,1,4752.203,912.672,10.614459080295983,4.099798705014385,0.7655232199436679,50
22,23,24,11.29683746494969,8.749810595907697,1.2600051642942829,5027.563,10808.75,2.5,1,4700.344,617.515,11.213264353675898,4.128589540688605,0.7525542576909527,49
23,24,25,11.88239860330653,8.66228512118762,1.266070385993126,4993.765,10808.5,2.5,1,4694.609,662.297,10.608337225511438,4.173491088834113,0.7561767892032425,48
24,25,26,11.79170575767619,9.019728113451215,1.2413590294280803,4962.469,10808.781,2.5,1,4634.016,892.766,11.70846077352042,3.971447736247994,0.7414176143019554,47
25,26,27,11.72661603963688,9.116016163768313,1.2298873703485311,4907.859,10804.703,2.5,1,4592.765,820.125,11.65829145263264,3.8808930257906495,0.7345660186674811,46
26,27,28,12.464631760563272,8.576939986227508,1.228088614506696,4888.656,10804.766,2.5,1,4573.39,570.187,12.420274258082811,4.011640578029577,0.7334916886522722,45
27,28,29,11.863547747838409,9.125952057926662,1.2139857189070042,4866.25,10802.641000000003,2.5,1,4536.11,334.359,11.780061627459046,3.826451623204598,0.7250685532318206,44
28,29,30,12.460832791038596,8.913521508673037,1.2173435064564189,4836.125,10802.015,2.5,1,4533.859,508.766,12.40142437063032,3.932651595965748,0.7270740349459761,43
29,30,31,12.213639136225725,8.992670910674468,1.2073445944515917,4801.485,10808.25,2.5,1,4498.422,517.781,11.311844631253326,4.131102024670367,0.7211020564059323,42
30,31,32,11.534784991217848,8.976466972713451,1.18804049227045,4760.938,10803.187,2.5,1,4443.203,564.125,11.454482266800794,4.138117663438271,0.7095724335924766,41
31,32,33,12.42977502748968,8.403683675857872,1.186304749886542,4740.907,10804.329,2.5,1,4436.672,484.828,12.356672570487753,4.136500124947067,0.7085357391738499,40
32,33,34,12.428323073625249,8.788041070938254,1.2613935471028506,4914.532,10802.156,2.5,1,4696.422,334.204,11.6091147728485,4.0310852383324605,0.7533834871445302,39
33,34,35,12.48741336421358,8.996273749783748,1.2648246158850651,4998.656,10804.672000000006,2.5,1,4722.734,503.453,12.406120446396471,4.387267717357812,0.7554327370156071,38
34,35,36,11.343734065329729,8.968773510126884,1.24664945489822,4890.015,10806.687,2.5,1,4642.5,667.344,10.996189516458209,4.029372273889745,0.7445773888214353,37
35,36,37,12.641653349352346,9.068457233547,1.2333924152795082,4842.11,10804.187,2.5,1,4594.578,648.031,12.6067153245675,3.793037545606533,0.7366594517429575,36
36,37,38,11.969937687736325,9.600388701677394,1.2129250072037692,4798.281,10804.703,2.5,1,4535.406,574.812,11.959340013874831,4.159104343118925,0.7244350295518608,35
37,38,39,11.438399477589398,8.576341354197764,1.1999106597943647,4739.188,10805.594,2.5,1,4475.516,505.797,11.363888733538174,4.265182045670313,0.7166620435105678,34
38,39,40,12.144441411939049,9.684286179234707,1.1902559038393383,4733.156,10803.797000000006,2.5,1,4454.5,334.719,12.096591963334484,4.287030262464928,0.7108956165888245,33
39,40,41,12.67224284322037,9.050797354590737,1.1892563795455853,4670.61,10806.938,2.5,1,4450.297,454.891,12.67224284322037,4.189791111939149,0.7102986378745739,32
40,41,42,11.984785271459067,9.672640844666988,1.167069685125939,4635.0,10805.984,2.5,1,4385.031,509.734,11.95853652122072,3.895938470818916,0.6970473498459693,31
41,42,43,12.101959002780742,9.672917525535627,1.1615348403090369,4615.86,10804.937,2.5,1,4350.547,450.953,12.004978235439044,4.091128619702883,0.69374159273429,30
42,43,44,12.396974763839234,8.275505407411664,1.1555563844349988,4580.75,10804.922,2.5,1,4329.703,415.062,12.351747227208923,4.056645749565438,0.6901708832245835,29
43,44,45,11.455115215105929,9.244232741743328,1.1488524666097713,4557.406,10808.079,2.5,1,4305.734,255.203,11.324251539750149,3.958209272116884,0.686166882252563,28
44,45,46,11.39345446641458,8.98886237250283,1.143572986788779,4524.032000000007,10808.421,2.5,1,4271.937999999995,502.688,10.965029783949907,4.073747372965692,0.6830136451625336,27
45,46,47,12.6352725981059,8.764404412635383,1.1418015379428537,4502.938,10809.953,2.5,1,4280.469,660.562,12.597158603521942,3.967664847702728,0.6819556246011421,26
46,47,48,12.45444631401429,10.248920981212065,1.136058647502255,4483.094,10803.234,2.5,1,4260.203,560.657,12.374769104591676,4.12041137796699,0.6785256095702547,25
47,48,49,12.18400994607025,8.050593138909571,1.1236364680969286,4448.36,10806.329,2.5,1,4219.266,430.328,12.135427285563798,4.044510971831953,0.6711063034704141,24
48,49,50,12.849012968534735,9.051801996945862,1.1320498900328944,4440.531,10804.89,2.5,1,4246.469,348.5,12.8239516387849,3.8796871816380585,0.6761313277156185,23
49,50,51,11.44307926801482,9.434354469842534,1.117010176215815,4416.547,10807.342999999992,2.5,1,4192.188,448.578,11.369376485933824,4.146140012050171,0.6671486655899156,22
50,51,52,12.895633770945397,8.999904872354442,1.120043039721982,4382.937,10809.625,2.5,1,4203.422,457.4839999999968,12.8216603659226,3.986126402847228,0.6689600822485446,21
51,52,53,11.573902587010837,9.182460296652252,1.1059773445917065,4347.453,10804.875,2.5,1,4137.172,435.484,10.882511047174669,4.0503800694247785,0.6605591652859538,20
52,54,55,11.984288635557064,8.597670678653154,1.1907902374762016,4746.5,10810.016,2.5,1,4475.406,388.485,11.922153118745728,3.855470395984224,0.7112147542121009,18
53,55,56,12.836265571184011,9.23195987630668,1.2012387088454022,4679.156,10803.282000000008,2.5,1,4483.312,153.093,12.787059439787932,4.105297754503948,0.7174552378530215,17
54,56,57,12.655987301395294,9.283964087662714,1.1906909549024802,4596.578,10808.906,2.5,1,4445.828,360.422,11.984065841853292,3.980460783301465,0.7111554564205633,16
55,57,58,12.20963360823446,9.913959079053493,1.1764375730308343,4544.641,10809.375,2.5,1,4378.594,520.469,11.272836439169868,3.857915380783469,0.7026424411425586,15
56,58,59,12.780134013784457,11.008944870597244,1.1628110372792353,4526.938,10803.938,2.5,1,4360.688,521.688,12.6875080758942,4.269020058126563,0.6945038177558939,14
57,59,60,12.658108002877777,8.769234212566106,1.1516152840582583,4487.438,10802.313,2.5,1,4320.922,522.594,12.455600856154993,4.612738598169368,0.6878170104369553,13
58,60,61,13.24936801902594,8.64547621512964,1.1583673498348623,4513.312,10807.516,2.5,1,4346.781,508.61,13.241132584882562,4.815616337550427,0.6918497683909584,12
59,61,62,13.102537521023756,9.67007840304718,1.1692285288386206,4568.438,10804.64,2.5,1,4370.797,277.375,13.011126910346867,4.893465016360478,0.6983367469640976,11
60,62,63,13.019156020970016,10.025147602426648,1.1588148476218465,4499.656,10807.093999999996,2.5,1,4332.344,270.109,12.981453650557231,4.845896284485196,0.6921170421882771,10
61,63,64,12.612257184300963,11.02689513361178,1.1439588147705455,4430.984,10803.235,2.5,1,4293.531,481.062,12.549215644049994,4.847306454888882,0.6832440858770982,9
62,64,65,12.968805846071126,11.272328278958131,1.1383941068159398,4411.141,10805.453,2.5,1,4258.579,618.547,12.842699319707972,4.863474543810304,0.6799204926231046,8
63,66,67,13.123905320087225,8.855451661928804,1.2213102850395667,4883.312,10806.641,2.5,1,4576.109,477.422,13.076657238835484,4.797648347463984,0.7294432443719845,6
64,67,68,13.179418154583676,10.0303131074292,1.2031062978889062,4663.907,10807.969,2.5,1,4494.797,446.859,13.160211539585037,4.845233656109144,0.718570679381464,5
65,68,69,12.742282067813369,10.54811102432876,1.1897147112197684,4581.328,10809.593999999996,2.5,1,4443.063,77.828,12.137779012409514,4.80925092907336,0.7105723823500851,4
66,69,70,13.23162562344335,10.171183334420576,1.177422568842014,4553.031,10804.109,2.5,1,4399.359,384.625,13.140996427800369,4.805787881504319,0.7032307425341058,3
67,70,71,12.857920538298638,11.150433415617073,1.158443027293818,4486.5,10810.344,2.5,1,4348.016,609.344,12.77329690847722,4.850676556136568,0.6918949677247088,2
68,71,72,12.67528068575023,8.682783567615884,1.1567087516841796,4450.625,10808.891,2.5,1,4311.641,578.672,12.022355312106844,4.864080900616465,0.6908591493558421,1
0,0,1,10.85194413164328,8.728337360007776,1.6579955793677608,6436.141,10803.313,2.7,1,6004.953,1292.25,10.815982095007524,8.472524858886754,1.0,72
1,1,2,10.829468947828506,8.540203319870198,1.5076933476098775,5650.265,10802.077999999994,2.7,1,5461.64,1195.234,9.427266915557423,7.3497654020600605,0.9093470250293444,71
2,2,3,11.053444137693344,8.447044657958907,1.4989223343608031,5590.907,10807.688,2.7,1,5429.047,1213.016,11.053444137693344,6.5645873011736136,0.9040568943690328,70
3,3,4,10.582379295049948,8.32832750131666,1.4782919502497789,5543.61,10805.687,2.7,1,5354.032,1083.14,8.496131180030437,5.837357528387156,0.8916139274710806,69
4,4,5,10.227762694291696,8.46996468679888,1.461856891390611,5499.046,10804.078,2.7,1,5295.296,992.156,9.481703306486525,6.826290561821849,0.8817013203063286,68
5,5,6,10.448166696977866,8.590071846774741,1.4509592706473475,5461.219,10804.969,2.7,1,5256.782,918.766,8.96309128419606,7.372268289461905,0.8751285520318686,67
6,6,7,11.087645565750543,8.563314740253459,1.451746997147108,5451.281,10808.375,2.7,1,5259.953,959.625,10.860084157365918,7.598437666250486,0.8756036597520356,66
7,7,8,10.331525897326843,8.633178703415997,1.444392866287476,5468.062,10804.25,2.7,1,5234.609,957.562,10.311374628044002,7.63513009738503,0.871168104584611,65
8,8,9,10.695473118282326,8.425548150324582,1.432738323965376,5411.297,10802.406000000004,2.7,1,5191.063,945.469,8.512231903980446,6.407486905416681,0.8641388082058207,64
9,9,10,10.588614300598088,8.76041365449095,1.417241201438662,5369.703,10803.203,2.7,1,5135.375,851.187,10.550843803255122,7.741231873270039,0.8547919060068272,63
10,10,11,10.7107611721746,8.4751018704149,1.4057559944573452,5327.406,10806.079,2.7,1,5092.375,895.047,8.675642713371955,7.225268956508509,0.8478647421927377,62
11,11,12,10.52686289722462,8.207344162726946,1.3902706269897065,5299.266,10803.641,2.7,1,5036.141,759.875,10.482702033270714,7.619012459334353,0.838524929915588,61
12,12,13,10.680714357791624,8.42555325456371,1.4196659307880326,5367.172,10805.125,2.7,1,5145.25,856.297,9.945731827830658,5.82053597708795,0.8562543522156978,60
13,13,14,10.479304841863389,8.292515552776987,1.4190563985232272,5406.812,10806.202999999994,2.7,1,5142.625,842.406,9.468310871650887,6.074320907290566,0.8558867201952084,59
14,14,15,10.378581035006627,8.300375301980043,1.404272356704056,5353.094,10807.016,2.7,1,5088.032,777.547,9.783530343947998,6.383826012778982,0.8469699040087572,58
15,15,16,10.851484720266557,8.47392662453468,1.3916140490958342,5280.031,10803.453,2.7,1,5042.406,848.937,8.873022626953219,7.167719456744087,0.8393351987262203,57
16,16,17,10.70498211965856,8.454854094828445,1.3749618350294734,5248.593,10807.812,2.7,1,4982.39,785.515,9.150726590608704,6.670375719860286,0.829291617022154,56
17,17,18,10.26828159930382,8.291303228635622,1.3545155713071164,5203.375,10805.016,2.7,1,4908.172,691.281,9.843080310556918,8.232979408101755,0.8169597001118847,55
18,18,19,10.42028909453994,8.4269878331479,1.3440223073315984,5166.812,10805.781000000004,2.7,1,4870.015,624.031,10.38088585643359,7.155415949057296,0.8106308147360146,54
19,20,21,11.025933551300648,8.521817713530261,1.372384475860572,5340.281,10808.813,2.7,1,4972.625,237.141,9.296618133298182,7.01968161235285,0.827737113981872,52
20,21,22,10.196289899952207,8.320661536697981,1.318410575267441,5103.0,10804.828,2.7,1,4777.063,686.907,9.786992454341004,8.409160273334582,0.7951834080101634,51
21,22,23,10.67776116366158,8.422137523157138,1.3112727599578604,5051.172,10808.359,2.7,1,4752.203,612.047,9.106445509594666,6.18359679206817,0.7908783209529936,50
22,23,24,10.197605675555666,8.222536087452747,1.2970172419001187,5027.563,10808.75,2.7,1,4700.344,395.953,9.974366592316317,6.756844587074894,0.7822802774870528,49
23,24,25,10.817583822184044,8.586164888224072,1.2995219526631718,4993.765,10808.5,2.7,1,4708.734,539.859,8.772051142500214,5.973340333418166,0.783790963519164,48
24,25,26,10.516072793190034,8.37254460882157,1.2826154066729571,4962.469,10808.781,2.7,1,4648.156,589.657,10.46108445184892,8.32298132815926,0.7735939845883386,47
25,26,27,10.549697060839051,8.528163327313631,1.2752890152407,4907.859,10804.703,2.7,1,4621.203,465.062,10.504748627601543,5.947100866700851,0.7691751601213573,46
26,27,28,11.262651366620426,8.263966777569763,1.2735572473264072,4888.656,10804.766,2.7,1,4616.047,453.719,11.209167636853822,5.849791861172219,0.7681306652289445,45
27,28,29,10.67022537319244,8.55282541839998,1.2594114333938535,4866.25,10802.641000000003,2.7,1,4564.516,282.859,10.626930921158896,4.847532735546723,0.759598788480547,44
28,29,30,11.290252755528313,8.518708558564285,1.2631632585495876,4836.125,10802.015,2.7,1,4576.687,427.875,11.237208287734534,6.832918047763671,0.7618616564896189,43
29,30,31,10.973350060572036,8.626406160549394,1.2491717310136363,4801.485,10808.25,2.7,1,4527.157,451.203,9.214180141507638,7.773997033782861,0.753422835717077,42
30,31,32,10.3391489283262,8.391138889995318,1.233984347835307,4760.938,10803.187,2.7,1,4471.828,460.484,10.271917499561386,8.121498801810521,0.7442627490634559,41
31,32,33,11.22843469416495,8.123052801311596,1.240031992028868,4740.907,10804.329,2.7,1,4494.203,447.641,11.151889936679297,6.7677843279136525,0.7479103125846248,40
32,33,34,11.142187018109254,8.484692509335503,1.30370857198071,4914.532,10802.156,2.7,1,4725.157,281.688,9.648733008949318,7.346744430681423,0.7863160723732748,39
33,34,35,11.266783334689707,8.659601569923575,1.315055963470538,4998.656,10804.672000000006,2.7,1,4766.062,413.781,11.244469866067725,6.691067888533246,0.7931601144389089,38
34,35,36,10.42585253276335,8.63440846220327,1.2888738300982074,4890.015,10806.687,2.7,1,4671.437,599.563,9.73832334742573,8.072857271266384,0.7773686770562382,37
35,36,37,11.216029100406416,8.721911620928804,1.2877137595885193,4842.11,10804.187,2.7,1,4666.985,588.343,10.286129924355723,8.501032225835512,0.7766689945455463,36
36,37,38,10.782099455149345,9.172422656290232,1.2673379985315465,4798.281,10804.703,2.7,1,4593.422,559.578,10.738761867128629,8.274797791956315,0.7643796004660139,35
37,38,39,10.321202935071105,8.317412717228784,1.250594345697306,4739.188,10805.594,2.7,1,4533.735,444.859,10.19893136433461,6.530809454355785,0.7542808685739633,34
38,39,40,10.97070399517944,9.354776246863146,1.2487131179395878,4733.156,10803.797000000006,2.7,1,4527.359,265.906,10.922962272523716,6.558263979480056,0.7531462287829238,33
39,40,41,11.121182366824469,8.639368377485802,1.248002326082933,4670.61,10806.938,2.7,1,4523.282,408.766,9.81825523071394,7.158435190455565,0.7527175232631383,32
40,41,42,10.805368665446066,9.333226059375846,1.2300895244599586,4635.0,10805.984,2.7,1,4458.125,471.125,10.777012355025954,8.14589791447625,0.7419136334060827,31
41,42,43,10.90427632418744,9.382529097941228,1.2244197121500937,4615.86,10804.937,2.7,1,4438.344,412.156,10.861685424782454,6.37227403363835,0.7384939546201916,30
42,43,44,11.177549576040898,8.056637899427066,1.2186682845116386,4580.75,10804.922,2.7,1,4417.672,391.578,11.16070129435551,6.752090430568056,0.7350250505350263,29
43,44,45,10.375532122783676,8.783599265890997,1.2037865236033616,4557.406,10808.079,2.7,1,4364.5,247.125,10.058103386175718,7.137246923775252,0.7260492962607286,28
44,45,46,10.314092555911314,8.70683352616266,1.1947642300832226,4524.032000000007,10808.421,2.7,1,4331.0,453.547,9.74082299683887,8.605830573044734,0.7206076089411644,27
45,46,47,11.367431862943256,8.444197372719909,1.2052091893871495,4502.938,10809.953,2.7,1,4369.063,417.968,11.367431862943256,8.366724208838408,0.7269073599380338,26
46,47,48,11.06954549641082,9.7629133306995,1.1955746593628465,4483.094,10803.234,2.7,1,4334.047,396.063,11.026198698121128,6.013079740564363,0.7210964095686865,25
47,48,49,10.977331626368253,7.988003865434215,1.1888497102149884,4448.36,10806.329,2.7,1,4310.438,359.344,10.91139465835468,7.053520146928472,0.7170403377482644,24
48,49,50,11.25041370680882,8.676023784079206,1.1915605250807406,4440.531,10804.89,2.7,1,4320.765,206.688,9.906586388335,6.715322640570593,0.7186753329795459,23
49,50,51,10.261913330935936,8.945651510322765,1.1726587153109655,4416.547,10807.342999999992,2.7,1,4251.656,408.781,10.086760287985827,8.164707570464333,0.7072749348090135,22
50,51,52,11.209451387068038,8.547320706999065,1.1841133872494156,4382.937,10809.625,2.7,1,4292.703,409.5929999999935,9.88961534897058,8.622742963162384,0.7141836817809554,21
51,52,53,10.39465598668322,8.740798161715984,1.1576825122317769,4347.453,10804.875,2.7,1,4196.843,395.328,9.563319703236552,8.160964551612874,0.6982422188804828,20
52,54,55,10.71880829888557,8.415553097900212,1.259355851168598,4746.5,10810.016,2.7,1,4565.203,380.188,10.662944379737356,8.361365147240782,0.7595652647329886,18
53,55,56,11.267543040114028,8.729501380031133,1.265883375278026,4679.156,10803.282000000008,2.7,1,4588.359,136.73399999999998,10.303326972853588,6.781139906104229,0.7635022620269846,17
54,56,57,10.977215485451683,8.74994930137779,1.247259867318412,4596.578,10808.906,2.7,1,4520.953,335.969,9.037774136605146,7.11598983491925,0.7522697182305071,16
55,57,58,10.698980931953203,9.345269960804083,1.232808747256218,4544.641,10809.375,2.7,1,4468.797,544.86,9.943748480296891,8.263907411678497,0.7435536997790559,15
56,58,59,11.200778779435032,10.446476242163438,1.2319592783041904,4526.938,10803.938,2.7,1,4466.094,521.688,11.193313951630744,8.344139278579286,0.7430413528448431,14
57,59,60,11.067122162658642,8.321560914091227,1.220785786262778,4487.438,10802.313,2.7,1,4426.5,522.594,11.054855974342404,8.646802461440727,0.7363021961302799,13
58,60,61,11.217197558663642,8.350831096441011,1.2275441303266783,4513.312,10807.516,2.7,1,4452.328,483.969,9.72328857739241,8.132776568696515,0.7403784096907994,12
59,61,62,11.59325762914515,8.850459642380976,1.2386788414290355,4568.438,10804.64,2.7,1,4492.016,268.954,11.55367714431668,6.453248430391166,0.7470941761505647,11
60,62,63,11.534047303435644,9.244538530067077,1.2283577755407058,4499.656,10807.093999999996,2.7,1,4453.734,270.109,11.493633235136812,6.815661084219189,0.7408691499702987,10
61,63,64,10.92572543982624,10.23547153134212,1.2095481507570451,4430.984,10803.235,2.7,1,4384.969,514.125,10.855769344734318,8.456896255720267,0.7295243520602624,9
62,64,65,11.346378697595553,10.754220695641392,1.2082142070681048,4411.141,10805.453,2.7,1,4380.344,501.234,11.326323036616172,8.577742152252197,0.7287198000424283,8
63,66,67,11.439171740202124,8.441931480717873,1.2998734542832149,4883.312,10806.641,2.7,1,4713.609,477.422,11.379451007949216,7.289476061377535,0.7840029674740702,6
64,67,68,11.147240167890732,9.266093860319836,1.2691220651743778,4663.907,10807.969,2.7,1,4602.078,455.39,9.86001941984202,7.251271283261144,0.7654556387046152,5
65,68,69,10.831285577855546,9.769486487200458,1.2555144634690785,4581.328,10809.593999999996,2.7,1,4550.391,52.25,10.119056181760744,5.72406833586456,0.757248378157824,4
66,69,70,11.236293148641268,9.485689381832074,1.2519876926897655,4553.031,10804.109,2.7,1,4537.609,334.203,10.13837424416214,6.865545059483701,0.7551212489765401,3
67,70,71,11.08616967823061,10.803093241912954,1.2374982003019996,4486.5,10810.344,2.7,1,4486.5,600.704,11.08616967823061,8.605278150700041,0.7463820867205759,2
68,71,72,10.751912617606896,8.367319723489471,1.2231273969878986,4450.625,10808.891,2.7,1,4435.047,587.407,10.154929516413995,8.016416863389024,0.7377145103452633,1
